"Купить квартиру в [регионе], продать квартиру в [регионе]";"Вы хотите купить квартиру в [регионе]? Нет проблем! Заходите на сайт Место.ру, где вы найдёте сотни тысяч объявлений о продаже квартир, домов и других объектов недвижимости. Пользуясь удобной формой поиска, вы сможете узнать всю необходимую информацию о торговле недвижимостью в [регионе]. Ведь масса людей, которые хотят продать квартиру в [регионе] без посредников, размещают свои объявления именно на нашем сайте.
На самом деле, купить квартиру в [регионе] очень просто! Только надо, чтобы вам немного повезло. Звёзды должны стать так, чтобы вам встретился порядочный человек, который хочет продать квартиру в [регионе]. И не надо думать, что вера в везение — это обычное суеверие. Бывает так, что на ровном месте распадается идеально подготовленная и спланированная сделка. Почему? Не понятно! Так складываются обстоятельства. 
Но нужного хозяина квартиры надо найти. И, как правило, он не находится с первой попытки. Поэтому мы рекомендуем вам регулярно просматривать объявления тех, кто хочет продать квартиру в [регионе], прозванивать, ездить смотреть объекты — только таким способом вы сможете найти ту квартиру и тех хозяев, которые вам действительно нужны. 
А наш сайт вам в этом поможет. Ведь наш ресурс обновляется очень часто — буквально каждую минуту кто-то хочет купить или продать объект недвижимости и размещает информацию у нас на сайте Место.ру. Не упустите свой шанс!
"
"Купить комнату в [регионе], продать комнату в [регионе]";"Вы собираетесь продать комнату в [регионе]? Конечно же, вы можете попробовать разместить рекламу в местной газете, приклеить объявления на придорожные столбы и остановки общественного транспорта. Но даст ли эта рекламная кампания нужный эффект?
Мы предлагаем вам воспользоваться современным и более эффективным способом поиска потенциальных клиентов, которые хотят купить комнату в [регионе]. Этот способ — Интернет. Сейчас он доступен практически каждому. Не выходя из собственного дома и абсолютно бесплатно вы можете дать рекламу о том, что вы хотите продать комнату в [регионе], и — будьте уверенны — ваше объявление не останется без внимания. Особенно, ваша реклама будет эффективна, если вы разместите объявления на популярных ресурсах, чьей специализацией является именно рынок недвижимости — например, на сайте Место.ру. Это - мощный, раскрученный ресурс, с очень большой посещаемостью. Там вы сможете найти сотни объявлений от людей, который хотят купить комнату в [регионе]. При этом, заметьте, что это будут не агентства недвижимости, посредники, чьей целью является только нажива, а потенциальные прямые покупатели, которые, также как и вы, заинтересованы купить комнату в [регионе] у хозяев, а не через риэлторов. 
Воспользуйтесь сайтом о недвижимости Место.ру — и вы не пожалеете.
"
"Купить однокомнатную квартиру в [регионе], продать однокомнатную квартиру в [регионе]";"Сейчас, при таком изобилии агентств недвижимости, становится практически невозможным продать однокомнатную квартиру в [регионе] без посредников. Более того, часто бывает так, одну и ту же квартиру продают сразу несколько агентств и ещё с десяток частных риэлторов. Как быть человеку, который действительно хочет купить однокомнатную квартиру в [регионе]? Ведь даже если он обратится в несколько агентств недвижимости, существует вероятность, что он будет ходить на просмотр одной и той же квартиры по несколько раз. Особенно, это возможно, если учесть, что риэлторы не сообщают потенциальному покупателю точный адрес объекта до момента просмотра (если, конечно, у них не заключён эксклюзивный договор с хозяевами квартиры).
Что же делать? Ведь вам действительно надо купить однокомнатную квартиру в [регионе]. Не расстраивайтесь, выход есть. Для поиска объекта недвижимости попробуйте воспользоваться Интернетом. Таким образом, у вас под рукой всегда будет актуальная и достоверная информация — особенно, если вы для поиска будете использовать  специализированные ресурсы. Для примера, мы можем привести сайт Место.ру. Здесь собраны сотни тысяч объявлений от людей, которые хотят продать однокомнатную квартиру в [регионе]. К тому же, многие из рекламодателей окажутся собственниками продаваемых квартир. 
Также на сайте Место.ру вы найдёте массу полезной юридической и экономической информации о недвижимости. Таким образом, вы не только подыщете подходящий вам объект, но и будете в курсе событий, происходящих на рынке недвижимости, что может уберечь вас от фатальных ошибок.
"
"Купить двухкомнатную квартиру в [регионе], продать двухкомнатную квартиру в [регионе]";"Многие люди, которые приходят к решению продать двухкомнатную квартиру в [регионе] сталкиваются с проблемой выбора: продавать жильё самому или обратиться в агентство недвижимости? И тот, и другой варианты имеют свои как плюсы, так и минусы. 
Если вы будете продавать квартиру самостоятельно, надо будет найти потенциального покупателя, который действительно хочет купить двухкомнатную квартиру в [регионе]. И здесь можно напороться на непорядочных людей, которые попытаются обмануть или сорвать сделку. Если же, вы обратитесь в агентство недвижимости, здесь тоже возможны разные варианты развития событий — всё зависит от компетенции сотрудников данной конторы.
Для того, чтобы найти подходящее агентство недвижимости или удачно продать двухкомнатную квартиру в [регионе] без посредников, мы вам советуем воспользоваться сайтом, который специализируется на вопросах, связанных с недвижимостью. Речь идёт о сайте Место.ру. Здесь можно найти как компетентных риэлторов с большим опытом работы, так и подыскать прямых покупателей. А ещё можно попробовать разместить своё объявление о том, что вы хотите продать двухкомнатную квартиру в [регионе] — и тогда среди массы телефонных звонков вы сможете самостоятельно выбрать потенциальных покупателей, которым действительно можно продать ваше жильё. 
Место.ру — это ваш шанс удачно провести сделку по купле-продаже недвижимости и уберечь своё имущество и деньги от рук мошенников.
"
"Купить трехкомнатную квартиру в [регионе], продать трехкомнатную квартиру в [регионе]";"Сложно ли продать трёхкомнатную квартиру в [регионе]? Каждый человек, который сталкивался в своей жизни с проблемой купли-продажи недвижимости, ответит на этот вопрос по-разному. Кому-то в жизни повезло и он сразу нашёл человека, который хотел купить трёхкомнатную квартиру в [регионе]. В итоге, сделка состоялась без посредников. Кто-то, по совету друзей, нашёл хорошее агентство недвижимости, которое помогло ему продать трёхкомнатную квартиру в [регионе]. 
А кому-то не повезло - и этот человек уже несколько месяцев или даже лет пытается продать своё жильё. Что же делать? Не продавать квартиру? Но ведь не всегда возможно выбрать именно такой путь решения проблемы. 
Мы советуем вам пойти цивилизованным путём — найти ответ на все ваши вопросы в Интернете. Сейчас на просторах Веб пространства существуют масса ресурсов очень хорошего качества и с высокой посещаемостью, которые специализируются на рынке недвижимости. Например, сайт Место.ру. Пользуясь бесплатным поиском этого ресурса, можно найти массу объявлений людей, которые хотят продать трёхкомнатную квартиру в [регионе]. И среди этих объявлений будет именно тот вариант, который идеально вас устроит. 
К тому же, база сайта Место.ру ничуть не хуже базы любого раскрученного агентства недвижимости. А наоборот — даже лучше. Ведь, как и любой другой Интернет-ресурс, сайт Место.ру обновляется по несколько раз в день — практически ежеминутно. Чего нельзя сказать даже об очень хорошем агентстве недвижимости.
Воспользуйтесь сайтом Место.ру — и ваша мечта купить трёхкомнатную квартиру в [регионе] сбудется моментально.
"
"Купить квартиру в [городе], продать квартиру в [городе]";"Сайт Место.ру — это ресурс, деятельность которого непосредственно связана с развитием рынка недвижимости России. Если вам нужно купить квартиру в [городе], вы можете найти подробную информацию о подходящих вам объектах на нашем сайте. Пользуясь расширенной формой поиска, вы узнаете не только основные параметры самой квартиры, но и выясните всё о районе, местности, где она находится. А именно: расположение строений рядом с интересующим вас жилым объектом, наличие коммуникаций, подъездных путей. Далее, вы можете связаться с хозяином квартиры по указанному контактному номеру и выяснить всю интересующую вас информацию.
Если же вы хотите продать квартиру в [городе], то сайт Место.ру — это лучший ресурс для размещения рекламы о продаже недвижимости. Наш сайт посещают тысячи людей ежедневно и, естественно, некоторые из них хотят купить квартиру в [городе], не обращаясь к услугам посредников и агентств недвижимости. Таким образом, по вашему объявлению может позвонить не посредник или праздно интересующийся зевака, а потенциальный покупатель. 
Зная о том, что наш ресурс часто обновляется, люди, которые действительно хотят купить квартиру в [городе], в поисках подходящего варианта, ищут эту информацию именно на нашем сайте, а не по местным газетам. К тому же, на сайте Место.ру вы сможете найти интересные обзоры российской недвижимости, которые помогут вам быть в курсе событий и правильно ориентироваться в тенденциях рынка недвижимости.
"
"Купить комнату в [городе], продать комнату в [городе]";"Многие россияне вынуждены переехать в другой город. И, естественно, возникает вопрос покупки жилья. Ведь до того как купить комнату в [городе], надо потратить какое-то время (от нескольких недель до нескольких месяцев) на поиски подходящего варианта и оформление формальностей. Что же делать? Где жить всё это время?
В другие времена, пока ещё не было Интернета, вам действительно пришлось бы ютиться в каком-то общежитии или снимать номер в гостинице до тех пор пока вы не купите жильё. Но сейчас, с развитием Интернета, ваши возможности значительно возросли. Можно воспользоваться информацией на сайтах, которые специализируются на купле-продаже недвижимости. Например, можно посетить сайт Место.ру, где вы, сидя у себя дома, за компьютером, выберете нужное вам жильё. Вам надо будет просмотреть объявления хозяев, которые хотят продать комнату в [городе] и среди них выбрать понравившиеся вам варианты. Таким образом, по приезду в (город) вы будете иметь на руках несколько вариантов жилья. 
К тому же, ещё до вашего отъезда, вы можете позвонить хозяевам, которые хотят продать комнату в [городе] и оговорить интересующие вас детали. Более того, на сайте Место.ру вы всегда сможете узнать юридические подробности, касающиеся проведения интересующей вас сделки. Таким образом, вы сможете заранее подготовить необходимый пакет документов. 
В итоге, для того, чтобы купить комнату в [городе], вам надо будет только обойти выбранные объекты, выбрать понравившийся вариант и провести сделку в течении нескольких дней.
"
"Купить однокомнатную квартиру в [городе], продать однокомнатную квартиру в [городе]";"Какую рекламную кампанию надо провести, чтобы продать однокомнатную квартиру в [городе]? Такой вопрос задают себе все хозяева объектов недвижимости, а также риэлторы. Кто-то из хозяев обращается в агентство недвижимости, возлагая на них всю работу по подготовке пакета документов, поиску потенциальных покупателей, проведению сделки. 
А кто-то из владельцев жилья старается самостоятельно найти человека, который хочет купить однокомнатную квартиру в [городе]. Для этого можно дать рекламу в местную газету, расклеить объявления у себя на районе, оповестить своих знакомых, если среди них есть потенциальные покупатели.
А ещё лучше - воспользоваться таким благом цивилизации как Интернет. Ведь аудитория Интернета по своей численности превосходит количество читателей любой газеты. К тому же при помощи Интернета можно привлечь целевой трафик — людей, которые действительно интересуются недвижимостью и хотят купить однокомнатную квартиру в [городе]. 
К примеру, можно воспользоваться сайтом Место.ру, который специализируется на вопросах недвижимости и где можно найти потенциальных покупателей или людей, которые хотят продать однокомнатную квартиру в [городе] без посредников. Сайт Место.ру поможет вам решить любые вопросы, связанные с рынком жилья — ведь среди постоянных клиентов этого ресурса есть и профессиональные риэлторы, высококвалифицированные юристы, аудиторы, экономисты, которые смогут дать ответ на все интересующие вас вопросы. Мы всегда рады помочь нашим клиентам.
"
"Купить двухкомнатную квартиру в [городе], продать двухкомнатную квартиру в [городе]";"Вы хотите купить двухкомнатную квартиру в [городе], но не знаете как лучше организовать поиски подходящего вам жилья? Мы можем помочь вам советом. Всё зависит от того, как вы намерены осуществлять поиски: самостоятельно или при помощи риэлтора. Если вы хотите искать квартиру самостоятельно, то для этого вы можете задействовать сразу несколько способов: просматривать местные газеты, читать объявления на столбах или попробовать найти подходящий вариант в Интернете. 
Это -  современный и очень удобный способ поиска жилья. К тому же, многие люди, которые хотят продать двухкомнатную квартиру в [городе], размещают рекламу именно в Интернете. Для этой цели прекрасно подойдут как доски объявлений, так и специализированные  ресурсы. Например, сайт Место.ру. Здесь вы можете найти для себя массу полезной информации. К тому же, если вы хотите купить двухкомнатную квартиру в [городе] без посредников, именно здесь вы найдёте рекламу от хозяев жилья. 
Если же вы боитесь самостоятельно искать квартиру, мы советуем обратиться в хорошее агентство недвижимости. На сайте Место.ру у вас есть все шансы встретить опытных риэлторов, которые работают на рынке уже не один десяток лет. У каждого из них есть собственная база данных, где конечно же есть информация от хозяев, которые хотят продать двухкомнатную квартиру в [городе]. Риэлтор поможет вам подобрать стоящий вариант, а также проконсультирует по поводу всех этапов оформления сделки. Доверьтесь профессионалам — и они вам помогут.
"
"Купить трехкомнатную квартиру в [городе], продать трехкомнатную квартиру в [городе]";"Согласно статистике, около 27% россиян пытаются продать трёхкомнатную квартиру в [городе]. И у многих их них возникают опасения по поводу возможности проведения удачной сделки. Ведь трёхкомнатная квартира — габаритная, у владельца должны быть средства, чтобы поддерживать такого типа жильё в надлежащем состоянии. К тому же, коммунальные платежи за трёхкомнатную квартиру будут многим не по карману. 
С одной стороны, такие мысли имеют право на существование. А с другой стороны, есть масса потенциальных клиентов, которые хотят купить трёхкомнатную квартиру в [городе]. И у них для этого есть свои причины: большие семьи, наличие финансовых средств, желание жить в просторной, большой квартире. Как говорится, на каждый товар есть свой покупатель. 
К тому же, многое зависит от того как человек подыскивает себе жильё — то ли он ориентируется на свой жизненный опыт, то ли он идёт на поводу у профессионалов, которые работают на рынке недвижимости не один год. В любом случае, мы советуем вам просмотреть популярные Интернет-издания, которые специализируются на недвижимости. Для поиска желающих продать трёхкомнатную квартиру в [городе] идеально подойдёт сайт Место.ру. Здесь можно найти сотни тысяч объявлений как от посредников, так и от частников. Помимо самих объявлений, вы найдёте на этом сайте обзоры рынка недвижимости, комментарии к законам, которые связаны с вопросами, касающимися недвижимости. Прежде чем купить трёхкомнатную квартиру в [городе], обязательно зайдите на сайт Место.ру и, усвоив полезную информацию, вы убережёте себя от многих ошибок.
"
"Купить квартиру в [районе], продать квартиру в [районе]";"Вы хотите продать квартиру в [районе] и не знаете с чего начать? Мы советуем вам посмотреть полезную информацию на сайте Место.ру. Это — ресурс, который специализируется на вопросах, связанных с рынком недвижимости. Здесь вы можете найти подробные статьи о том, что нужно делать, чтобы выгодно продать квартиру в [районе]. При этом, авторы статей учли не только общероссийские законы, регламентирующие операции с недвижимостью, но и подсказали о наличии местных поправок. 
Желающим купить квартиру в [районе] тоже будет интересно почитать информацию на сайте Место.ру. К тому же, это не просто портал о недвижимости, но и доска объявлений. То есть, вы сможете не только повысить свой уровень знаний в области недвижимости. Но и подыскать себе хороший вариант жилья. 
Ведь масса людей, которые хотят продать квартиру в [районе] обращаются на этот сайт и размещают здесь свои объявления. К тому же, в объявлении содержится очень подробная информация об объекте, прилагается карта, на которой вы можете посмотреть расположение дома. Также имеется информация о коммуникациях, транспортных развязках, подъездных путях. Таким образом, вы сэкономите уйму времени и пойдёте смотреть именно тот объект, который действительно вам нужен. Для решения вопросов, касающихся недвижимости, выбирайте сайт Место.ру — и вы не пожалеете.
"
"Купить комнату в [районе], продать комнату в [районе]";"Вы хотите купить комнату в [районе]? Тогда Место.ру — это идеальный ресурс, где вы с лёгкостью найдёте интересующую вас информацию. Пользуясь формой поиска, вы сможете найти объекты недвижимости, которые выставлены на продажу как риэлторскими конторами, так и частными лицами, которые хотят продать комнату в [районе]. 
Став регулярным посетителем сайта Место.ру, у вас всегда будет возможность быть в курсе всех экономических и юридических событий, которые происходят на российском рынке недвижимости. Ведь при покупке или продаже жилья так важно владеть вопросами, касающимися оценки объекта, юридических тонкостей и т.д. Ведь зная основные тенденции рынка жилья в этом году или сезоне, вы сможете правильно определить стоимость объекта, подготовить необходимый пакет документов. И тогда вам только останется найти заинтересованное лицо, которое хочет купить комнату в [районе] и оформить сделку у нотариуса. 
Если вы хотите продать комнату в [районе], вашим правом является выбор правильной стратегии проведения сделки: то ли вы проводите её самостоятельно, то ли вам всё-таки необходима квалифицированная помощь риэлтора. Пользуясь информацией, размещенное на сайте Место.ру, вы сможете найти опытного риэлтора или авторитетное агентство недвижимости, которое поможет вам продать комнату в [районе]. Станьте нашим клиентом — и вы увидите, что все вопросы, касающиеся рынка недвижимости, будут решаться легко и просто.
"
"Купить однокомнатную квартиру в [районе], продать однокомнатную квартиру в [районе]";"Как купить однокомнатную квартиру в [районе] без посредников? Такой вопрос задают себе многие молодые люди, которые обладают скромным достатком. Ведь в таком случае не надо будет выплачивать проценты риэлтору, а провести сделку напрямую. 
Что же предпринять? В первую очередь, надо найти базу объявлений от хозяев, которые хотят продать однокомнатную квартиру в [районе]. Но если вы купите местную газету и начнёте прозванивать рекламу, то вас постигнет разочарование — около 95% объявлений в местных газетах даны риэлторами. И если вдруг на рынке появляется квартира от хозяина, на неё тут же, как стая коршунов, слетаются агенты недвижимости. 
Мы вам советуем пойти другим путём — поищите интересующий вас объект недвижимости в Интернете, например на сайте Место.ру. Это — портал о недвижимости, на котором собраны сотни тысяч объявлений. Среди них можно найти рекламу от людей, которые хотят продать однокомнатную квартиру в [районе]. При этом, существует большая вероятность, что это объявление дадут хозяева жилья. 
Интернет в любом случае будет выгоднее газеты — и по количеству объявлений, и ещё по той причине, что всю эту информацию вы получите практически мгновенно и абсолютно бесплатно. Более того, вы можете разместить на сайте Место.ру своё объявление о том, что вы хотите купить однокомнатную квартиру в [районе], добавив фразу «посредникам: просьба не беспокоить». Таким образом, вам будут звонить только хозяева продаваемого жилья. Воспользуйтесь сайтом Место.ру — и вы не пожалеете.
"
"Купить двухкомнатную квартиру в [районе], продать двухкомнатную квартиру в [районе]";"Сложно ли купить двухкомнатную квартиру в [районе]? Такой вопрос задают себе многие люди, которые собираются сделать такую серьёзную покупку. Хорошо, если покупатель — человек бойкий, предприимчивый, который даст фору любому риэлтору. А если человеку надо купить двухкомнатную квартиру в [районе], но, к сожалению, он не обладает пробивным характером и, к тому же, не компетентен в вопросах купли-продажи недвижимости? 
Что можно предпринять в такой ситуации? Хорошо, если вам повезёт и вы встретите порядочного, опытного риэлтора с первой попытки. А если вам попадётся хапуга, который попытается вас обмануть? Где найти достоверную информацию о людях, которые работают в мире недвижимости? А если повезёт, то и хорошую базу данных продаваемых объектов?
Мы вам советуем поискать хорошего риэлтора или агентства на специализированных сайтах, которые работают в области недвижимости. Например, на сайте Место.ру. Здесь можно найти не только профессиональных риэлторов, но и отзывы клиентов. К тому же, на сайте Место.ру вы найдёте объявления хозяев, которые хотят продать двухкомнатную квартиру в [районе]. Таким образом, вы будете иметь всю необходимую информацию и сможете благополучно провести сделку.
"
"Купить трехкомнатную квартиру в [районе], продать трехкомнатную квартиру в [районе]";"Многие россияне хотят жить неподалёку от своих родственников, чтобы поддерживать отношения, помогать друг другу. Поэтому вопрос приобретения жилья именно на том районе, где проживают родственники волнует многих потенциальных покупателей. И самым ходовым видом недвижимости для семьи является трёхкомнатная квартира.
А где же подыскать хороший вариант жилья, которое вас устроит? Можно почитать объявления на дверях подъездов и столбах. А можно поступить более цивилизованно — поискать нужную информацию в Интернете. Тогда вы найдёте массу объявлений от людей, которые хотят продать трёхкомнатную квартиру в [районе]. Но мы хотим дать вам подсказку: подобную рекламу надо искать на специализированных ресурсах. Например, на сайте Место.ру. 
Там вы найдёте подробную информацию о продаваемых объектах: от установочных данных, фото до показа расположения дома на карте. Ведь хозяева, которые действительно хотят продать трёхкомнатную квартиру в [районе] стараются дать самую подробную информацию о продаваемом жилье. Также на сайте Место.ру можно почитать очень много полезной информации о том, какие документы должен предоставить владелец квартиры, чтобы провести сделку, как можно уберечь себя от мошенников, как правильно определиться с ценой на квартиру. Вооружившись достоверной информацией, вы сможете осуществить свою мечту - купить трёхкомнатную квартиру в [районе] — легко и просто.
"
"Аренда квартиры в [регионе], снять квартиру в [регионе]";"Вас интересует аренда квартиры в [регионе]? Тогда вы обратились по адресу. На сайте Место.ру вы найдёте массу объявлений об аренде квартиры в [регионе], среди которых можно будет подыскать те варианты, которые действительно вас устроят. 
К тому же, благодаря большому количеству информации, вы сможете определиться с ценой: насколько тот или иной вариант дорогой или дешёвый. Не спешите принимать решение, просмотрите несколько предлагаемых объектов. Только так вы сможете выбрать именно ту квартиру, которая вас полностью устроит. К тому же, многое зависит от хозяев объекта. Бывает так, что квартира сама по себе — неплохая, но хозяева оставляют желать лучшего или вообще — аферисты.
В таком случае, мы рекомендуем вам разместить на том же сайте Место.ру своё объявление, о том, что вы хотите снять квартиру в [регионе]. В рекламе можно озвучить свои требования к объекту, который вы собираетесь арендовать. В таком случае, вы сможете провести отсев и общаться только с теми хозяевами, чьи объекты и манеры вам понравятся. 
Вообще, сайт Место.ру — это замечательный ресурс, где можно найти массу полезной  информации об аренде квартиры в [регионе]: от экономических исследований до практических советов. Прочитайте эту информацию внимательно. Она вам поможет уберечься от роковых ошибок и не попасть в неприятную ситуацию.
"
"Аренда квартиры в [районе], снять квартиру в [районе]";"Отдельное жильё предоставляет большие преимущества каждому. Ведь тогда можно жить так, как нравится; делать только то, что вы считаете нужным. Особенно, это важно молодым людям, которые хотят почувствовать себя самостоятельными. Хорошо, если досталась квартира от бабушки или другого родственника, но что делать, если дополнительной квартиры нет и денег на покупку жилья — тоже нет? Тогда у молодых людей возникают мысли об аренде квартиры в [районе] — таком доступном способе приобретения самостоятельности. 
Каким же образом можно найти квартиру, которую сдают в аренду? Вариантов масса. Но мы рекомендуем вам самый продвинутый из всех возможных — это поиск подходящих объектов на портале недвижимости Место.ру. Это — идеальный вариант найти достоверную информацию об аренде квартиры в [районе]. Более того, если вы не увидите на сайте того варианта, о котором мечтали, вы можете написать своё объявление о том, что вы хотите снять квартиру в [районе]. Тогда к вам будут звонить хозяева объектов и риэлторы, которые могут вам помочь в вопросе аренды квартиры в [районе]. 
Таким образом, вы за умеренную плату достигнете важной цели, которая поможет вам в становлении личности — станете самостоятельным.
"
"Аренда комнаты в [районе], снять комнату в [районе]";"Многие молодые люди студенческого возраста едут учиться в другой город. И не у всех есть родственники, которые могут приютить на время учёбы. Как быть? Жить в общежитии или снимать квартиру? Общежития, зачастую, предоставляют не очень хорошие условия для проживания, а снимать квартиру — дорого. Тогда может возникнуть идея аренды комнаты в [районе]. Это — замечательный вариант. Ведь аренда комнаты в [районе] значительно дешевле, чем аренда квартиры. Таким образом, для самостоятельной жизни вам хватит вашей стипендии и какой-нибудь подработки или помощи родителей. К тому же, если вы решитесь снять комнату в [районе], тем самым вы улучшите условия проживания. Ведь комната в приличной квартире с хорошими хозяевами по всем параметрам превосходит условия жизни в общежитии. Там в одной комнате могут проживать по 3-4 человека. Да и санитарные условия оставляют желать лучшего.
Но каким же образом можно найти сдаваемую комнату, если вы живёте в другом городе? Вам поможет Интернет! Вы можете просмотреть рекламу на досках объявлений. А ещё лучше — обратите своё внимание на сайты, которые специализируются на рынке недвижимости. Например, в вопросе аренды комнаты в [районе] вам поможет портал о недвижимости Место.ру Здесь вы найдёте сотни объявлений об аренде недвижимости в интересующем вас районе из первых рук, а также — другую полезную информацию о том, на что обращать внимание, когда вы осматриваете заинтересовавший вас объект, как договариваться с хозяевами и т.д. 
Если вы хотите снять комнату в [районе] без посредников — обращайтесь на сайт Место.ру. Мы вам поможем!
"
"Аренда однокомнатной квартиры в [районе], снять однокомнатную квартиру в [районе]";"Согласно статистике, 65% молодых пар в возрасте от 18 до 27 лет снимают жильё в том же районе, где проживают их родители. И это — не случайно. Аренда однокомнатной квартиры в [районе] — это оптимальный вариант для начала самостоятельной жизни. Ведь аренда однокомнатной квартиры не будет стоить дорого. 
Но, наверняка вам захочется снять однокомнатную квартиру в [районе] без посредников. Где же можно подыскать подходящий вариант? Мы советуем вам обратить ваше внимание на сайты, которые специализируются на вопросах недвижимости. Например, портал о недвижимости Место.ру. Здесь есть масса рекламы об аренде однокомнатной квартиры в [районе], которую разместили именно хозяева жилья. Таким образом, прозвонив несколько объявлений, вы сможете найти приемлемый для себя вариант.
Также, пользуясь сайтом Место.ру, вы сможете определиться с разумной ценой на аренду однокомнатной квартиры в [районе] и убережёте себя от чрезмерных трат. 
Вы убедитесь, что снять однокомнатную квартиру в [районе] легко, если вы будете пользоваться информацией из достоверного источника.
"
"Аренда квартиры в [городе], снять квартиру в [городе]";"Вопрос переезда в другой город затрагивает более 40% россиян. Причин здесь много: семейные обстоятельства, работа, поиск собственного «Я». И тогда, конечно, возникает вопрос аренды квартиры в [городе]. Как его решить, если вы всё ещё находитесь в своём родном городе, а по приезду в другой город должны будете где-то поселиться? 
Если вы работаете в крупной и серьёзной организации, то поисками жилья будут заниматься сотрудники филиала, где вы будете работать. А если вы решили переехать в другой город самостоятельно, чтобы там более успешно продолжить свою карьеру? Как быть тогда? Ведь для того, чтобы снять квартиру в [городе], надо будет потратить время (от нескольких дней до нескольких недель) на поиски подходящего варианта. 
Мы предлагаем вам более простой и удобный способ: поиск жилья по Интернету. Например, можно зайти на сайт Место.ру, который специализируется на вопросах, связанных с недвижимостью, и попробовать найти нужный вариант с его помощью. Ведь на этом сайте собраны сотни новых, актуальных объявлений об аренде квартиры в [городе]. К тому же, многие из этих объявлений разместили хозяева жилья, т.е. связавшись с ними, вы не будете платить процент агентству. Ведь в случае аренды он может составить 100% от месячной платы за квартиру. А бывают и ещё более кабальные условия. При этом, агентство не несёт никакой ответственности за предоставляемую информацию.
Пользуясь сайтом Место.ру, вы сможете снять квартиру в [городе] легко, выяснив всю необходимую информацию у хозяина по телефону. Вам только и останется, что приехать на новое место работы, посмотреть жильё, заплатить аренду и поселиться.
"
"Аренда комнаты в [городе], снять комнату в [городе]";"Многие молодые люди в поисках лучшего места работы вынуждены покинуть свой родной город. И, естественно, тогда возникает вопрос жилья в новом городе. Но, зачастую, молодой специалист не может себе позволить оплатить аренду целой квартиры. Что бы вы сделали, если бы были этим молодым специалистом?
Вас может посетить мысль об аренде комнаты в [городе]. Гениально! Ведь это вполне доступно по вашим средствам. Но как снять комнату в [городе]? Ведь вы живёте за сотни тысяч километров. В этом вам может помочь Интернет, а именно — сайты, которые посвящены недвижимости. Например, портал о недвижимости Место.ру. 
Здесь вы найдёте массу привлекательных вариантов, касающихся аренды комнаты в [городе]. А дальше — дело техники. Надо созвониться с хозяевами, договориться о цене, посмотреть объект. Не надо переживать о том, что вы находитесь далеко.  Благодаря техническим возможностям сайта Место.ру, вы сможете посмотреть не только фото интересующей вас комнаты, но и увидеть расположение дома на карте. К тому же, вы можете попросить хозяина выслать новые, дополнительные фото, если вас что-то насторожит. Также  просмотрев много объявлений, вы будете в курсе цен на аренду жилья, которое вас интересует. Таким образом, снять комнату в [городе] для вас будет проще простого.
И если у вас возникнут любые вопросы, касающиеся недвижимости, вы всегда сможете найти правильный ответ на сайте Место.ру. Мы рады помочь вам!
"
"Аренда однокомнатной квартиры в [городе], снять однокомнатную квартиру в [городе]";"Снять однокомнатную квартиру в [городе] — этот вопрос волнует многих арендаторов, т.к. именно одинарка является самым ходовым видом недвижимости с точки зрения аренды. Но тут могут возникнуть трудности, связанные с арендой однокомнатной квартиры в [городе]. Ведь сейчас так сложно снять квартиру без посредников. В основном, как только хозяин даёт рекламу о том, что он хочет сдать квартиру, на это объявление тут же слетаются как частные риэлторы, так и агентства недвижимости. В итоге, потенциальному клиенту, который хочет снять однокомнатную квартиру в [городе] очень сложно пробиться через толпу агентов, которые собираются заработать на сдаваемом объекте. 
Что остается делать потенциальному клиенту? Всё очень просто. Надо найти те источники, где можно попасть на рекламу об аренде однокомнатной квартиры в [городе] из первых рук. И такие источники есть. На нашем сайте Место.ру вы увидите огромное количество объявлений об аренде однокомнатной квартиры в [городе]. Более того, многие из них даны хозяевами сдаваемых объектов, а не агентствами. Таким образом, вы сможете договориться об аренде жилья напрямую, избегая чрезмерных плат и возможных ситуаций с недобросовестными агентами.  
К тому же, пользуясь функциями сайта Место.ру, вы без труда сможете узнать всю необходимую информацию о сдаваемом объекте: от фотографий квартиры до коммуникаций, которые проходят в непосредственной близости от конкретного жилья. При этом, вся эта информация предоставляется бесплатно. Обращайтесь к нам — и мы вам поможем.
"
"Купить квартиру на [улице] [города], продать квартиру на [улице] [города]";"Вопрос расселения волнует многих россиян. Если в одной квартире одновременно проживают три или даже больше поколений родственников, могут начаться скандалы, ссоры. Для решения вопроса расселения надо купить дополнительное жильё. Но ведь пожилым родителям надо помогать, да и молодёжь, с появлением маленьких детей, будет нуждаться в вашей помощи. Возникает единственная правильная мысль: нужно покупать жильё рядом. Трудно ли будет купить квартиру на [улице] [города]? Всё зависит от того, как вы собираетесь искать продаваемое жильё. 
Конечно же, можно почитать объявления, развешанные на столбах рядом с домом. А можно — поступить более цивилизованным путём. Поищите информацию в Интернете. А именно — на сайтах, которые посвящены вопросам, связанным с недвижимостью. Например, для этой цели очень хорошо подойдёт сайт Место.ру. Здесь, воспользовавшись расширенным поиском, вы сможете найти объявления людей, которые хотят продать квартиру на [улице] [города]. Таким образом, вы сразу получите информацию именно о тех вариантах жилья, которые вас устроят. И, если вам повезёт и вы найдёте объявление из первых рук, вы можете купить квартиру на [улице] [города] без посредников.  
Таким образом, вы сэкономите не только деньги, но и время, физические силы.
Администрация портала о недвижимости Место.ру всегда рада помочь своим клиентам и старается сделать всё возможное, чтобы информация, которая попадает на сайт была актуальной и достоверной.
"
"Аренда квартиры на [улице] [города], снять квартиру на [улице] [города]";"Согласно статистике, более 30% россиян трудоспособного возраста, для того, чтобы добраться на работу, тратят на дорогу по несколько часов в день. В такой ситуации возникает вопрос целесообразности аренды жилья, которое находилось бы рядом с работой. Конечно же, у многих могут появиться сомнения по поводу возможности снять квартиру на [улице] [города]. Ведь найти подходящее жильё, да ещё и в нужном районе, на нужной улице — это так трудно! 
Сразу хотим вам возразить: в наше время Интернет-технологий возможно всё! Вам могут помочь сайты, которые специализируются на вопросах недвижимости. Например, портал о недвижимости Место.ру. Здесь размещено огромное количество объявлений как об аренде, так и о купле-продаже недвижимости. И конечно же, пользуясь расширенным поиском, можно с лёгкостью найти объявления об аренде квартиры на [улице] [города]. 
К тому же, из-за большого количества предложений, вы сможете с легкостью определиться со стоимостью аренды квартиры на [улице] [города] — ведь имея большой выбор, всегда можно прицениться. Более того, благодаря популярности нашего сайта, многие хозяева объектов размещают здесь свою рекламу. Т.е. у вас есть все шансы снять квартиру на [улице] [города] без посредников. 
На нашем сайте Место.ру вы также сможете найти массу полезной информации как о самой недвижимости, так и об операциях с жилыми и нежилыми объектами. Полученные знания вам помогут избежать многих неприятных ситуаций.
"
"Купить квартиру в [деревне или поселке], продать квартиру в [деревне или поселке]";"Стать личностью, приобрести самостоятельность — это мечта многих молодых людей. И не важно где они живут: в крупном мегаполисе или маленьком посёлке. Но в большом городе легче решить вопрос покупки жилья, т.к. на рынке присутствует большой выбор предложений. А что делать молодым людям, которые живут в небольших населённых пунктах?  Например, можно купить квартиру в [деревне или поселке], которая находится недалеко от дома ваших родителей. Таким образом, вы не прекратите общение с родственниками и друзьями.
Конечно же, возникает вопрос о том, как можно купить квартиру в [деревне или поселке]  при отсутствии большого выбора. Как найти подходящее жильё?
Мы предлагаем вам современный вариант решения вопроса. Сейчас Интернет есть даже в самых отдалённых уголках страны, поэтому люди, которые хотят продать квартиру в [деревне или поселке] с большой вероятностью разместят свою рекламу в Интернете. И, конечно же, они обратят своё внимание на сайты, которые специализируются на недвижимости. Например, на сайт Место.ру. Поэтому, зайдя на наш сайт, вы сможете без труда найти рекламу людей, которые собираются продать квартиру в [деревне или поселке].
Таким образом, вы не только найдёте подходящее жильё, но и сможете купить квартиру в [деревне или поселке] без посредников. Также, на сайте Место.ру вам помогут советом по любому интересующему вас вопросу о недвижимости.
"
"Аренда квартиры в [деревне или поселке], снять квартиру в [деревне или поселке]";"Около 15% россиян регулярно ездят на заработки в отдалённые уголки нашей страны. Тогда, конечно же возникает вопрос аренды жилья в том населённом пункте, где вы будете работать. Вы спросите: «А как это можно сделать заранее? Ведь работа находится за сотни тысяч километром от моего дома?».
В эпоху высоких технологий все меньше вещей оказываются невозможными для осуществления. Это напрямую касается аренды квартиры в (деревне или посёлке). Ведь с появлением Интернета, человечество получило доступ к любой информации, а также к любой точке мира, даже самой отдалённой. 
Вам всего-то и надо, что зайти на сайт, посвящённой недвижимости и найти там подходящее жильё. Если вы не знаете таких сайтов, мы вам можем порекомендовать портал о недвижимости Место.ру. Здесь можно найти информацию о любых объектах, даже о тех, которые находятся вдали от крупных городов. Поэтому вы без труда сможете отыскать рекламу об аренде квартиры в (деревне или посёлке), которую разместили сами хозяева сдаваемых объектов.
Также, для ускорения процесса поиска подходящего объекта, можно самому дать объявление о том, что вы хотите снять квартиру в (деревне или посёлке). Тогда к вам будут звонить хозяева сдаваемых объектом и предлагать свои варианты. В итоге, приехав на заработки, у вас будет жильё, а может быть даже несколько вариантов сдаваемого жилья, из которого вы сможете выбрать именно ту квартиру, которая вам нравится.
"
"Купить коммерческую недвижимость в [регионе], продажа коммерческой недвижимости в [регионе]";"Место.ру — это сайт о недвижимости, где можно найти много полезной информации о продаже коммерческой недвижимости в [регионе]. Наш сайт посещают тысячи посетителей каждый день. Здесь можно встретить как профессионального риэлтора, владельца агентства недвижимости, так и хозяина продаваемого объекта или человека, который хочет купить коммерческую недвижимость в [регионе].
Благодаря хорошей репутации нашего портала о недвижимости, информация, размещённая на нашем сайте, пользуется доверием как простых потребителей, так и профессионалов. Мы, со своей стороны делаем всё, чтобы те данные, которые размещены на сайте Место.ру были актуальными и достоверными. 
Если вы хотите купить коммерческую недвижимость в [регионе], то на нашем сайте вы найдёте не только общую информацию об объекте, но и сможете посмотреть фото здания, найти его на карте, узнать расположение коммуникаций. К тому же, благодаря тому, что наш сайт известен не только профессионалам в области недвижимости, вы, пользуясь поиском, сможете найти объявления о продаже коммерческой недвижимости в [регионе], которое разместило не агентство, а сами хозяева. Таким образом, у вас появится реальный шанс сэкономить на покупке объекта. 
Если же у вас появятся какие-либо вопросы по поводу продажи коммерческой недвижимости в [регионе], вы сможете задать их на нашем сайте в рубрике Вопрос&Ответ и лучшие профессионалы России помогут вам в решении вашего вопроса. Обращайтесь к нам — и мы вам поможем.
"
"Аренда коммерческой недвижимости в [регионе], снять коммерческую недвижимость в [регионе]";"Аренда коммерческой недвижимости в [регионе] — это выгодное использование денежных средств. Ведь, если ведение бизнеса не требует размещения офиса или склада в городе, таким образом можно очень хорошо сэкономить на стоимости аренды помещения. 
Но каким образом можно снять коммерческую недвижимость в [регионе], не прибегая к услугам посредников? Ведь агенты будут предлагать только те варианты аренды, которыми занимается их агентство. И, таким образом, можно пройти мимо объекта недвижимости, который хорошо расположен и действительно вам подходит. 
У нас, на сайте Место.ру, вы можете найти массу предложений об аренде коммерческой недвижимости в [регионе]. И среди них, мы уверенны, вам удастся выбрать рекламу, которую разместили сами хозяева. 
К тому же, пользуясь расширенным поиском, вы сможете найти самую подробную информацию о сдаваемом в аренду объекте. Таким образом, для того, чтобы снять коммерческую недвижимость в [регионе], вам не придётся тратить время, силы и деньги на просмотр объектов, которые вам не интересны. 
Обратившись на сайт Место.ру, вы получите квалифицированную помощь и только достоверную информацию об аренде коммерческой недвижимости в [регионе].
"
"Купить коммерческую недвижимость в [городе], продажа коммерческой недвижимости в [городе]";"Для ведения бизнеса крупным предприятиям, а также средним и мелким предпринимателям просто необходимы торговые помещения, офисы, склады и другие виды коммерческой недвижимости. Многие бизнесмены арендуют коммерческие помещения в течение всей своей деловой деятельности. 
Но ведь купить коммерческую недвижимость в [городе] было бы гораздо выгоднее. Таким образом, вы избежали бы непредвиденных трат по причине постоянного повышения арендной платы, вам не пришлось бы ежемесячно выкладывать крупную сумму за аренду помещения. К тому же, даже если бы вы занялись другим видом деятельности, вы всегда могли бы сдать купленное вами помещение в аренду. 
Конечно же, существует множество изданий, где можно прочитать объявления о продаже коммерческой недвижимости в [городе]. Но мы вам советуем для поиска подходящего объекта воспользоваться Интернетом, а именно — сайтом Место.ру. Информация, размещённая на нашем сайте, обновляется по несколько раз в день. И, естественно, она обладает такими качествами как достоверность и актуальность. 
Более того, если вы ищете подходящий объект на сайте Место.ру, у вас есть все шансы купить коммерческую недвижимость в [городе] у хозяев, т.к. наш сайт известен широкому кругу людей и нашими посетителями являются не только профессиональные риэлторы, но и владельцы продаваемых или сдаваемых объектов. Воспользуйтесь нашими услугами — и вы убедитесь в нашем высоком профессионализме!
"
"Купить земельный участок  в [регионе], продажа земельного участка в [регионе]";"В какой-то из периодов жизни не только сельских жителей, но и горожан начинает тянуть к земле: хочется посадить дерево, построить дом, самостоятельно выращивать экологически чистые овощи, заниматься животноводством. Современная жизнь с её загрязнённой экологией, стрессами, генномодифицированными продуктами заставляет людей задумываться о качестве жизни и её смысле. И, в таком случае, у вас может появиться идея купить земельный участок в [регионе]. Ведь тогда можно построить добротный дом из экологически чистых материалов, который достанется вашим внукам, выращивать качественные продукты.
К тому же, сейчас всё больше и больше людей интересуются продажей земельных участков в регионах. Среди них даже встречаются банкиры, олигархи, состоятельные иностранцы. На сегодняшний день, купить земельный участок в [регионе] — это тенденция западного культа здорового образа жизни. И, исходя из современных реалий, всё больше людей становятся поклонниками этого культа. 
Но как найти рекламу о продаже земельного участка в [регионе] из первых рук? Мы вам советуем обратиться на сайт Место.ру Это — крупный портал о недвижимости, где всегда можно найти актуальную и достоверную информацию. Благодаря высокой посещаемости нашего сайта и его популярности, здесь можно с лёгкостью найти объявления о продаже земельного участка в [регионе], которые разместили сами хозяева. К тому же, если у вас возникнут вопросы в области недвижимости, мы сможем помочь вам.
"
"Купить дом, дачу, коттедж, таунхаус  в [городе], продажа дома, дачи, коттеджа, таунхауса в [городе]";"Многие современные горожане испытывают на себе не только блага цивилизации, но и её пагубное влияние: такое как постоянный шум, загрязнённая атмосфера, некачественные продукты питания, стрессы и т.д. И тогда человек приходит к мысли, что было бы хорошо жить не в тесной квартире в центре города, а в частном доме. Но как это осуществить? Ведь нельзя же всё бросить — работу, карьеру, друзей и перебраться жить в глухую деревню. Да и, к тому же, с точки зрения психологии, не каждый горожанин может стать сельским жителем. 
И тогда вам приходит идея купить дом, дачу, коттедж, таунхаус в [городе]. Ведь это — великолепная мысль: с одной стороны вы продолжаете жить в городе, т.е. не отказываете себе с благах цивилизации, а с другой стороны — у вас свой дом; вас уже точно не зальют соседи; у вас свой сад, где можно выращивать экологически чистые фрукты и т.д. Да и на территория частного сектора воздух гораздо чище, чем в любом микрорайоне с высотками. 
Но где можно найти рекламу о продаже дома, дачи, коттеджа, таунхауса в [городе] из первых рук? Ведь так не хочется отдавать свои деньги посредникам! Вам может помочь портал о недвижимости Место.ру, где размещены сотни тысяч объявлений о купле-продаже квартир, частных домов и т.д. Более того, здесь есть реальный шанс найти рекламу о продаже дома, дачи, коттеджа, таунхауса в [городе], которую дал сам собственник. И благодаря большому количеству объявлений, у вас всегда будет возможность выбрать именно тот объект, который действительно вам подходит. Мы всегда рады помочь вам!
"
"Купить земельный участок  в [городе], продажа земельного участка в [городе]";"Место.ру — это портал о недвижимости, где вы можете найти любую интересующую вас информацию о таких объектах как квартиры, дома, земельные участки, торговые площади и т.д. Если вы хотите купить земельный участок в [городе], то вы обратились по адресу. На нашем сайте вы сможете не только найти, но и выбрать самые интересные объявления о продаже земельного участка в [городе].
При этом, вы должны знать, что сайт о недвижимости работает гораздо эффективнее, чем, например, местные газеты. Если вы купите газету и попробуете там найти рекламу о продаже земельного участка в [городе], вас может постигнуть разочарование. Большинство объявлений в местные газеты, как правило, даны сотрудниками агентств недвижимости или частными риэлторами. Т.е. пробиться к хозяину участка вы сможете только через посредника, что для вас — крайне не выгодно. Более того, некоторые объявления могут успеть даже устареть, т.к. с момента их подачи до выхода газеты могут пройти несколько дней. 
Что касается сайта Место.ру, то информация, которую вы найдёте у нас, всегда актуальна и достоверна. Более того, здесь можно найти рекламу о продаже земельного участка в [городе], которую разместили сами хозяева. Т.е. у вас будет шанс договориться напрямую и не переплачивать посредникам. К тому же, вы можете самостоятельно разместить объявление о том, что хотите купить земельный участок в [городе], и потом выбрать самое выгодное для вас предложение. Обращайтесь к нам — и мы вам поможем!
"
"Аренда земельного участка  в [городе], снять земельный участок в [городе]";"Ни для кого не секрет, что земля в пределах города стоит дорого. И, как правило, существует дефицит свободных земельных участков на территории города по причине его плотной застроенности. Но как быть, если вам просто необходимо получить небольшой участок в черте города? Покупать его будет очень дорого, а в некоторых случаях — даже невозможно, т.к. земля на территории города является муниципальной собственностью. Тогда у вас должна возникнуть мысль об аренде земельного участка в [городе]. Это — самый оптимальный вариант!
Бытует мнение, что аренда земельного участка в [городе] — это удел избранных. Не каждый рядовой житель города владеет информацией о наличии свободных участков, которые можно взять в аренду. Но, с того момента, как Интернет вошёл в жизнь каждого россиянина, снять земельный участок в [городе] стало гораздо проще. 
Всю информацию об имеющихся в наличии свободных участках в черте города можно получить на сайтах, которые специализируются на недвижимости. Например, на сайте Место.ру. Здесь можно найти огромное количество объявлений об аренде земельных участков в [городе]. При этом, участки могут быть совершенно разного назначения — для коммерческого использования, для поддержания экобаланса городской системы, для частных нужд (например, небольшой огород) и т.д.
Пользуясь расширенным поиском на нашем сайте, вы сможете с легкостью найти, а впоследствии и снять земельный участок в [городе]. А если у вас возникнут вопросы, то мы попытаемся помочь вам в нашей рубрике «Вопрос&Ответ».
"
"Купить дом, дачу, коттедж, таунхаус в [деревне или поселке], продажа дома, дачи, коттеджа, таунхауса в [деревне или поселке]";"Мечта о «домике в деревне» посещает многих. Ведь это так замечательно: выходите на порог поутру — а в саду соловьи поют; питаетесь только натуральными продуктами, пьёте парное молоко, едите на свежем воздухе; днём спите в собственном саду, в гамаке. Как хорошо! Никакой городской суеты, спешки, стрессов, испорченной экологии. Что нужно сделать, чтобы превратить свою жизнь в рай? Нужно купить дом, дачу, коттедж, таунхаус в [деревне или поселке] — и тогда вся ваша жизнь пойдёт по-другому.
Но как найти подходящий дом? Где лучше купить этот участок? Прежде всего, вам надо получить достоверную и актуальную информацию о продаже дома, дачи, коттеджа, таунхауса в [деревне или поселке]. Как лучше это сделать? Конечно же, можно обратиться к риэлтору. Но он вам будет рассказывать только ту информацию, которую ему выгодно вам рассказать. И продавать он вам будет только те объекты, которые он продаёт. 
Для начала, вам нужно получить независимую информацию о продаже дома, дачи, коттеджа, таунхауса в [деревне или поселке] — и тогда вы будете самостоятельно принимать решение, где и какой дом вам покупать. Как лучше узнать эту информацию? Мы вам рекомендуем воспользоваться сайтом Место.ру. Здесь вы найдёте массу ценной информации о загородной недвижимости. Более того, воспользовавшись нашим сайтом, вы сможете купить дом, дачу, коттедж, таунхаус в [деревне или поселке] из первых рук. 
Мы всегда рады помочь в решении вопросов, связанных с недвижимостью.
"
"Купить земельный участок  в [деревне или поселке], продажа земельного участка в [деревне или поселке]";"Некоторые россияне, даже если они — горожане, мечтают о деревенской жизни. Ведь так прекрасно никуда не спешить, питаться натуральными продуктами, дышать свежим воздухом. При этом, необязательно покупать огромный дом — ведь он будет стоит больших денег. Для начала, можно купить земельный участок в [деревне или поселке]. При этом, можно выбрать жилой пункт, который находится недалеко от вашего дома, чтобы потом было удобно добираться. 
Но как подыскать хороший участок, если вы — сугубо городской житель? Лучше всего воспользоваться средствами массовой информации, где можно не только почитать о продаваемом участке, но и посмотреть сам объект. Для такой цели прекрасно подойдёт сайт Место.ру, где можно увидеть не только установочную информацию о продаже земельного участка в [деревне или поселке], но и посмотреть фото или даже видео данного объекта. Ведь это очень удобно: вам не надо ехать в такую даль, чтобы просто увидеть участок. Вы посмотрите фото и решите ехать вам смотреть этот объект или нет. К тому же, всю необходимую информацию можно выяснить у хозяев по телефону.
И тогда, для вас купить земельный участок в [деревне или поселке] будет легко и просто, т.к. вся подготовительная фаза будет выполнена, не выходя из собственного дома. Удачного поиска на сайте Место.ру!
"
"Аренда дома, дачи, коттеджа  в [деревне или поселке], снять дом, дачу, коттедж  в [деревне или поселке]";"Всех родителей волнует здоровье своего ребёнка. Поэтому, если врачи рекомендуют вывозить малыша в деревенскую местность, перед вами возникает вопрос аренды дома.  Хорошо, если у вас есть свой загородный дом или дача. А что делать, если вы — сугубо городской житель? В таком случае, у вас есть несколько вариантов. Можно рассмотреть идею покупки загородного дома. Но, во-первых, это дорого, а во-вторых, зачем покупать дом, если он вам нужен всего на несколько месяцев? Тогда будет вполне благоразумно снять дом, дачу, коттедж в [деревне или поселке]. 
Это прекрасная мысль! Вы можете выбрать удобное месторасположение объекта, состояние дома, стоимость аренды. Вначале, можно попробовать аренду дома, дачи, коттеджа в [деревне или поселке] на пару недель. А потом, если всё понравится, снять на всё лето. 
Но тут возникает вопрос: «А можно ли снять дом, дачу, коттедж в [деревне или поселке] без посредников?» Ведь если этот объект действительно в хорошем состоянии и удачно расположен, посредники заломят за него бешеную цену. Как быть?
Выход есть! Поищите подходящий дом на сайтах, которые посвящены вопросам недвижимости. Например, на портале о недвижимости Место.ру. Там есть множество объявлений об аренде дома, дачи, коттеджа в [деревне или поселке], которые разместили именно владельцы данных объектов недвижимости. Тогда вы сможете договориться напрямую. А чтобы снять дом, дачу, коттедж в [деревне или поселке], вы можете разместить своё объявление на этом же сайте. Таким образом, у вас будет масса предложений и вы быстро решите свой вопрос.
"
"Аренда земельного участка  в [деревне или поселке], снять земельный участок в [деревне или поселке]";"Вопрос аренды земли, расширения бизнеса волнует многих фермеров. Ведь аренда гораздо дешевле, чем покупка земли. 
Если вы — фермер, тогда вам следует задуматься об аренде земельного участка в [деревне или поселке]. Это будет самый оптимальный вариант! У вас не будет необходимости выкладывать крупную сумму денег за покупку земли. А аренда земельного участка в [деревне или поселке] — это не такие уж большие деньги. Таким образом, вы сможете и урожай вырастить, и продать его, и за аренду заплатить — ещё и прибыль останется!
Но тут же возникает вопрос: «А как снять земельный участок в [деревне или поселке] без посредников? Ведь не хочется платить лишние деньги! Конечно же, вы можете купить газету и прозвонить объявления. Но сразу хотим вам сказать, что почти вся реклама в газетах даётся или частными риэлторами или агентствами недвижимости. «Как же быть?» - спросите вы. Мы вам советуем воспользоваться современным поиском информации — Интернетом. А именно — сайтом Место.ру. Здесь вы найдёте самые свежие объявления об аренде земельного участка в [деревне или поселке]. При этом, многие из них даны именно хозяевами. К тому же, чтобы ускорить процесс поиска, мы вам рекомендуем дать своё объявление о том, что вы хотите снять земельный участок в [деревне или поселке]. Таким образом, вы сможете выбрать именно тот вариант, который действительно вам нужен.
Обратитесь на сайт Место.ру - и вы останетесь довольны.
"
